book_title,book_author,book_date
2018 전기공사기사 필기 과년도 기출문제 & 동영상,김상훈 ,1440 쪽
퇴사하고 여행갑니다,"김대근 , 김태현 ",244 쪽
Make: 드론,데이비드 맥그리피 ,2017-08-01
아내가 창업했다,정민형 ,240 쪽
2017 회로이론,김상훈 ,628 쪽
2017 제어공학,김상훈 ,376 쪽
2017 전기응용 및 공사재료,김상훈 ,448 쪽
굴리굴리 프렌즈와 함께하는 선 긋기,김현 ,60 쪽
2017 전기기사 필기 7개년 기출문제집,김상훈 ,724 쪽
쇼핑몰 디자인 제작 북,"임화연 , 이해령 ",416 쪽
2017 전기기사 실기 과년도 기출문제,김상훈 ,868 쪽
"IT CookBook, 페도라 리눅스(개정판)",이종원 ,856 쪽
2017 전기산업기사 필기 7개년 기출문제집,김상훈 ,700 쪽
2017 전기산업기사 실기 과년도 기출문제,김상훈 ,776 쪽
2017 전기공사산업기사 필기 과년도 기출문제 & 동영상,김상훈 ,1392 쪽
2017 전기설비기술기준 및 판단기준,김상훈 ,596 쪽
2017 전기기사 필기 과년도 기출문제 & 동영상,김상훈 ,1496 쪽
2017 전기기기,김상훈 ,532 쪽
2017 전기산업기사 필기 과년도 기출문제 & 동영상,김상훈 ,1436 쪽
맛있는 디자인 포토샵 CS6,"임화연 , 이세련 , 이해령 ",448 쪽
"IT CookBook, 유닉스 이론과 실습(개정판)","윤소정 , 이종원 ",548 쪽
2017 전기공사기사 필기 과년도 기출문제 & 동영상,김상훈 ,1404 쪽
2017 전력공학,김상훈 ,544 쪽
경제학자의 인문학서재,"김훈민 , 박정호 ",336 쪽
착한 사람들이 이긴다,모기룡 ,296 쪽
주식을 사려면 마트에 가라,크리스 카밀로 ,2012-05-07
월급쟁이를 위한 부동산 경매,오은석 ,392 쪽
모든 순간의 인문학,한귀은 ,324 쪽
2017 전기자기학,김상훈 ,488 쪽
지금 당장 재테크 공부하라,이동훈 ,328 쪽
모방의 경제학,"칼 라우스티아라 , 크리스토퍼 스프리그맨 ",2013-04-12
망각의 즐거움,임희택 ,280 쪽
"IT CookBook, 유닉스 시스템 프로그래밍",이종원 ,520 쪽
기획은 퍼즐이다,박경수 ,224 쪽
10년차 디자이너에게 1:1로 배우는 포토샵 디자인 강의,정다영 ,440 쪽
"유닉스 리눅스 프로그래밍 필수 유틸리티(개정판) : vim make, gcc, gdb, svn, binutils, autoconf, autotools",백창우 ,796 쪽
"IT CookBook, enjoy design 포토샵 CS6",이영주 ,522 쪽
유닉스 리눅스 명령어 사전(개정판),"우종경 , 박종오 ",852 쪽
"IT CookBook, Play 포토샵",원다예 ,410 쪽
포토샵 디자인 스타일북 : 6 TYPES 20 STYLES,김혜경 ,400 쪽
경제학자의 인문학 서재 2,박정호 ,320 쪽
"청춘, 홀로 서면 외롭지 않다",김이율 ,268 쪽
내 일상을 꾸며주는 포토샵 CS6&CC,우보명(야우) ,288 쪽
"문예적인, 너무나 문예적인",아쿠타가와 류노스케 ,2016-08-20
지금 당장 기획공부 시작하라,박경수 ,360 쪽
셰어하우스 부자들,김정미 ,232 쪽
싱커스50 미래 사상가들에게 묻다,닐로퍼 머천트 외3 ,2015-11-10
맨박스 Man Box,토니 포터 ,2016-08-10
뉴욕 비즈니스 산책,엄성필 ,320 쪽
10년차 디자이너에게 1:1로 배우는 일러스트레이터 디자인 강의,장보경(앤하우스) ,452 쪽
10년차 디자이너에게 1:1로 배우는 편집 디자인 강의+인디자인,황지완 ,404 쪽
스콧 켈비의 사진가를 위한 포토샵 CS6,스콧 켈비(Scott Kelby) ,2013-07-09
"IT CookBook, 전자상거래와 e-비즈니스(개정3판)",이동훈 ,512 쪽
뽀얀의 포토샵 일러스트 하우스 II 미술사 거장을 만나다,뽀얀(김은혜) ,448 쪽
맛있는 디자인 포토샵 CC,"윤이사라(포완카) , 박효근 ",528 쪽
"나에게, 포토샵: 생활 디자이너 7명이 들려주는 일상, 작업, 포토샵 이야기","김효정 , 김진숙 , 이지남 , 조영주 , 신동욱 , 최재연 , 조선진 ",296 쪽
뽀얀의 감성 일러스트레이션 : 포토샵과 일러스트레이터를 이용한 손 느낌 나는 일러스트 기법,뽀얀(김은혜) ,464 쪽
업무의 잔기술,야마구치 마유 ,2016-07-19
디자인 문구 실무 제작&디자인(7년차 디자이너 야우가 알려주는),우보명(야우) ,360 쪽
회사에서 바로 통하는 포토샵 CS4,원다예 ,416 쪽
저는 부동산경매가 처음인데요2 권리분석 완전정복,신정헌 ,416 쪽
저는 인문학이 처음인데요!,박홍순 ,480 쪽
"IT CookBook, enjoy design 일러스트레이터 CS6","김경진 , 김부치 ",506 쪽
삐딱해도 괜찮아,박신영 ,296 쪽
우분투 환경에서 C 언어로 배우는 리눅스 프로그래밍,이이오 준 ,2012-09-24
맛있는 디자인 애프터 이펙트 CS6 & CC,이수정 ,408 쪽
"소셜 모바일 시대, QR 코드 마케팅 전략","박은숙 , 박윤선 ",204 쪽
뽀얀의 일러스트 하우스 by 포토샵,김은혜 ,508 쪽
유닉스 리눅스 셸 스크립트 예제 사전,오스미 유스케 ,2015-08-27
백만 방문자와 소통하는 블로그 마케팅,조재형 ,264 쪽
리눅스 시스템 프로그래밍(개정2판) : 커널과 C 라이브러리로 풀어가는(리눅스 3.x 최신 커널 기반),로버트 러브 ,2014-12-26
백만 방문자와 소통하는 소셜 홍보 마케팅,김진 ,296 쪽
맛있는 디자인 프리미어 프로 CS6 & CC,"윤성우 , 김덕영 ",448 쪽
포토샵 CS 디자인 스쿨(증보판),이문형 ,612 쪽
아이벤의 블링블링 포토샵,"김현태 , 아이벤 포토샵 카페 ",584 쪽
맛있는 디자인 인디자인 CS6,황지완 ,396 쪽
맛있는 디자인 일러스트레이터 CS6,우보명 ,396 쪽
호기심디테일의 포토샵 CS5,귀동걸(박귀염) ,464 쪽
모션 그래픽 디자인 강의 + 애프터 이펙트,이수정 ,368 쪽
"잰양, 티백, 앤하우스의 디자인문구 다락방","류재은 , 김신애 , 장보경 ",240 쪽
페이스북 시대: 소셜 네트워크를 활용한 비즈니스와 마케팅,클라라 샤이(Clara Shih) ,2010-11-23
백만 방문자와 소통하는 페이스북 마케팅,"종유진 , 최규문 ",361 쪽
가장 쉽게 배우는 블로그 & 페이스북,"강진영 , 박순녀 ",236 쪽
"IT EXPERT, 리눅스 커널 프로그래밍",한동훈 ,1104 쪽
After Effects Professional Training book: 모션 그래픽 실무 예제집,이수정 ,324 쪽
"리눅스 커널의 이해, 개정 3판","다니엘 보베이 , 마르코 체사티 ",2006-09-28
회사에서 바로 통하는 일러스트레이터 CS5,박혜진(삐딱대가리) ,548 쪽
"뇌를 자극하는 RedHat Fedora 리눅스 서버 & 네트워크, 3판",우재남 ,792 쪽
Thinking About : PPL을 이용한 VC++ 병렬 프로그래밍(2판),김경진 ,196 쪽
이것이 편집디자인이다: 편집디자이너가 알아야 할 모든 것,김덕희(CDM The Big) ,416 쪽
스콧 켈비의 라이트룸 CC 킬러 팁 북,스콧 켈비(Scott Kelby) ,2016-05-31
좋은 사진을 만드는 김주원의 포토샵 사진 강의,김주원 ,520 쪽
맛있는 디자인 인디자인 CC,황지완 ,496 쪽
이것이 리눅스다,우재남 ,796 쪽
28일 동안 배우는 리눅스 서버 관리,카사노 히데마츠 ,2014-09-28
"내 가게, 소셜커머스로 대박나기 : 소상공인을 위한 소셜커머스 활용 가이드 북","손미향 , 구현아 , 이지인 ",328 쪽
최고가 되라,에릭 라르센 ,2014-04-28
맛있는 디자인 일러스트레이터 CC,빨간고래(박정아) ,600 쪽
디자인 굿즈 만들기 with 포토샵&일러스트레이터,김신애 ,392 쪽
일러스트레이터 트레이닝 북: Illustrator Training Book,박혜진 삐딱대가리 ,296 쪽
삶은 어떻게 책이 되는가,임승수 ,320 쪽
나는 무적의 회사원이다,손성곤 ,264 쪽
경제학자의 문학살롱,박병률 ,352 쪽
"SWedu, 컴퓨팅 사고력을 키우는 SW 교육 : 파이썬",우재남 ,444 쪽
사장의 정도,고미야 가즈요시 ,2014-07-07
좋은 사진을 만드는 김주원의 미러리스 & DSLR 사진강의,김주원 ,540 쪽
좋은 사진을 만드는 김주원의 DSLR 사진 입문  : 누구에게도 묻지 못했던 사진에 관한 87가지 질문,김주원 ,324 쪽
좋은 사진을 만드는 김주원의 어도비 포토샵 라이트룸 CC 사진 강의,김주원 ,520 쪽
마담의크스와 함께 하는 손글씨&동꼬 by 포토샵,"마담의크스 카페 , 네모기획 ",576 쪽
UNIX V6로 배우는 커널의 원리와 구조 : 고전으로 익히는 운영체제,아오야기 타카히로 ,2014-05-28
상하이 비즈니스 산책,김명신 ,296 쪽
좋은 사진을 만드는 김주원의 풍경사진,김주원 ,448 쪽
지금 당장 경영학 공부하라,김태경 ,384 쪽
이것이 우분투 리눅스다,우재남 ,820 쪽
3D 프린팅 넥스트 레볼루션 : 3D 프린터가 가져올 미래,크리스토퍼 바넷 ,2014-09-22
"SWedu, 컴퓨팅 사고력을 키우는 SW 교육 : 엔트리 & 햄스터","황준 , 박광현 , 이웅재 , 최은정 , 고혜영 , 이재호 , 손예진 , 조민주 ",252 쪽
저는 주식투자가 처음인데요! 2탄,강병욱 ,416 쪽
이것이 SQL Server다,우재남 ,720 쪽
직장인 4대 비극,"천영준 , 김나영 ",300 쪽
게스트하우스 창업 A to Z,김아람 ,256 쪽
저는 심리학이 처음인데요,강현식 ,454 쪽
경제학자의 미술관,최병서 ,304 쪽
장자처럼 살라,박홍순 ,424 쪽
"IT CookBook, UI/UX 디자인 이론과 실습",이영주 ,506 쪽
이것이 Windows Server다,우재남 ,924 쪽
디즈니 유니버시티,더그 립 ,2014-10-28
내 마음인데 왜 내 마음대로 안 되는 걸까?,김형근 ,292 쪽
싱커스50 경영이란 무엇인가,헨리 민츠버그 외3 ,2015-11-10
"IT CookBook, SQL Server로 배우는 데이터베이스 개론과 실습","박우창 , 남송휘 ",576 쪽
대학생을 위한 파이썬 프로그래밍 : 누구나 할 수 있는 가장 쉬운 프로그래밍 입문서,크리스 로피 ,2016-01-26
"뇌를 자극하는 SQL Server 2012 (1권, 기본편)",우재남 ,668 쪽
면접이 막막할 때마다 꺼내 읽는 책,제임스 리드 ,2015-12-07
0.1% 진짜 부자들의 습관,가케고시 나오키 ,2015-12-10
저는 부동산경매가 처음인데요(최신 개정판),신정헌 ,360 쪽
"IT CookBook, Android Studio를 활용한 안드로이드 프로그래밍(개정판)","우재남 , 박길식 ",568 쪽
"부시파일럿, 나는 길이 없는 곳으로 간다",오현호 ,280 쪽
싱커스50 리더십은 누구의 것인가,짐 콜린스 외3 ,2015-11-10
"뇌를 자극하는 SQL Server 2012 (2권, 관리/응용편)",우재남 ,896 쪽
오래가는 UX 디자인: 모바일 시대의 제품 디자인 기본 원칙,반준철 ,468 쪽
"장정일, 작가 : 43인의 나를 만나다",장정일 ,332 쪽
멀티 디바이스 UX 디자인 : 사물인터넷 생태계 경험을 지배하는 3가지 핵심 원리,미할 레빈 ,2014-11-12
미라클 모닝,할 엘로드 ,2016-02-17
엔트리 : 창의력과 문제해결능력 향상을 위한 첫걸음,"최현종 , 이상열 , 박지현 , 이현아 ",256 쪽
"IT CookBook, 데이터베이스 개론",김연희 ,524 쪽
도쿄 비즈니스 산책,임상균 ,304 쪽
뇌를 자극하는 Windows Server 2012 R2,우재남 ,880 쪽
처음 시작하는 파이썬: 파이썬 패키지를 활용한 모던 컴퓨팅 입문,빌 루바노빅 ,2015-12-04
"(10대를 위한 프로그래밍 노트, 수프) 코딩 클럽 LV2. 본격 파이썬 입문",크리스 로피 ,2015-08-26
"(10대를 위한 프로그래밍 노트, 수프) 코딩 클럽 LV3. 제대로 된 파이썬 앱 만들기",크리스 로피 ,2015-11-06
"IT CookBook, Android Studio를 활용한 안드로이드 프로그래밍(증보판)","우재남 , 박길식 ",556 쪽
린 UX : 린과 애자일 그리고 진화하는 사용자 경험,"제프 고델프 , 조시 세이던 ",2013-10-25
Head First Python : 머리에 쏙쏙 들어오는 파이썬 안내서(수정판),폴 베리 ,2016-03-28
"(10대를 위한 프로그래밍 노트, 수프) 코딩 클럽 LV1. 모두를 위한 파이썬 기초",크리스 로피 ,2015-08-26
뇌를 자극하는 파이썬 3,박상현 ,500 쪽
"IT CookBook, 데이터베이스 관리와 실습(개정판) : MS SQL Server 2008",손광수 ,584 쪽
린 스타트업 실전 UX: 더 빠르고 스마트하게 일하는 린 UX 실행 전략,로라 클라인 ,2014-09-28
"(10대를 위한 프로그래밍 노트, 수프) 코딩 클럽 LV4. 파이썬 프로그래밍 아트",크리스 로피 ,2016-09-28
"(10대를 위한 프로그래밍 노트, 수프) 앱 인벤터: 나만의 앱 만들기! 구글과 MIT 기술로 배우는 컴퓨팅 사고력",김종훈 ,260 쪽
이것이 우분투 리눅스다,우재남 ,820 쪽
"(꼬마해커의 작업실, 수프) 스크래치 : 창의력과 문제해결능력 향상을 위한 첫걸음","김종훈 , 양영훈 ",236 쪽
회사에서 바로 통하는 파워포인트 2010,"이상훈 , 김연희 ",464 쪽
"(꼬마해커의 작업실, 수프) 스크래치 알고리즘 : 초등학생도 볼 수 있는 가장 쉬운 알고리즘",김종훈 ,276 쪽
모던 웹을 위한 실시간 사용자 경험(UX) 프로그래밍: 웹사이트에 인터랙티브를 더하는 마술,테드 로덴 ,2012-05-04
정보교과교육론(증보판) : 소프트웨어 교육을 위한 필수 지침서,"이태욱 , 최현종 ",404 쪽
"안드로이드 프로그래밍 정복 4판, 2권",김상형 ,964 쪽
안드로이드의 모든 것 NDK: C/C++을 이용한 안드로이드 앱 개발 방법,"고현철 , 전호철 ",496 쪽
이것이 안드로이드다,박성근 ,1164 쪽
린 마인드셋 : 린 스타트업을 위한 경영 철학,"메리 포펜딕 , 톰 포펜딕 ",2014-04-02
린 고객 개발 : 고객의 지갑을 여는 제품 만들기,신디 앨버레즈 ,2015-04-27
사물 인터넷 · 웨어러블 Ver 0.9: 새로운 IT 플랫폼을 완성하는 서비스 기획 · UX 가이드,송태민 ,264 쪽
린 스타트업: 실리콘밸리를 뒤흔든 IT 창업 가이드,애시 모리아 ,2012-11-17
뇌를 자극하는 C# 5.0 프로그래밍,박상현 ,736 쪽
대학생을 위한 스크래치 프로그래밍 : 누구나 할 수 있는 가장 쉬운 프로그래밍 입문서,김종훈 ,232 쪽
"(10대를 위한 프로그래밍 노트, 수프) 프로그래밍 비타민 : 컴퓨팅 사고력을 키우는 22가지 이야기",김종훈 ,248 쪽
린 분석 : 성공을 예측하는 31가지 사례와 13가지 패턴,"앨리스테어 크롤 , 벤저민 요스코비츠 ",2014-01-02
뇌를 자극하는 알고리즘,박상현 ,604 쪽
창의적인 문제 해결 능력을 키워주는 IT 퍼즐,"김종훈 , 김병수 , 김태훈 , 양영훈 , 오정철 , 현동림 ",332 쪽
"윈도우즈 API 정복(개정판), 제2권",김상형 ,1016 쪽
스크래치를 활용한 문제해결능력 향상,김종훈 ,124 쪽
만들면서 배우는 안드로이드 게임 프로그래밍(개정판),황동윤 ,416 쪽
HTML5+CSS3 정복 : 실습 위주의 친절한 HTML5 자습서,김상형 ,700 쪽
스크럼 성공전략 : 성공하는 애자일을 위한 30가지 지름길,일란 골드스타인(Ilan Goldstein) ,2014-09-02
HTML5 보일러플레이트 : 크로스 브라우징과 반응형 웹을 위한 어비의 노하우,송태민 ,143 쪽
모바일 보일러플레이트 : 모바일 웹 개발 실무를 위한 어비의 노하우,송태민 ,118 쪽
"IT CookBook, 파워포인트 2010 실무와 활용",고경희 ,448 쪽
초보자를 위한 안드로이드 스튜디오 : Hello World부터 채팅 앱과 벽돌깨기 게임까지,마츠오카 겐지 ,2016-01-22
"JavaScript+jQuery 정복 : 보고, 이해하고, 바로 쓰는 자바스크립트 공략집",김상형 ,800 쪽
안드로이드의 모든 것 분석과 포팅,"고현철 , 유형목 ",792 쪽
The Art of Computer Programming 1: 기초 알고리즘(개정 3판),도널드 커누스(Donald E. Knuth) ,2006-09-28
"윈도우즈 API 정복(개정판), 제1권",김상형 ,1116 쪽
The Art of Computer Programming 2: 준수치적 알고리즘(개정 3판),도널드 커누스(Donald E. Knuth) ,2007-09-14
"IT CookBook, 윈도우 API 프로그래밍",강경우 ,428 쪽
"IT CookBook, 핵심 API로 배우는 윈도우 프로그래밍",강경우 ,464 쪽
애자일 개발과 스크럼 : 더 나은 자신과 팀을 위한 소프트웨어 개발 방법,"노나카 이쿠지로 , 히라나베 겐지 ",2014-07-28
"안드로이드 프로그래밍 정복 4판, 1권",김상형 ,1056 쪽
"IT CookBook, 초보자의 첫 번째 파워포인트 2010",최희식 ,176 쪽
The Art of Computer Programming 3: 정렬과 검색(개정 2판),도널드 커누스(Donald E. Knuth)) ,2008-01-01
드림팀의 악몽: 산으로 가는 팀 프로젝트를 바로잡는 애자일 코칭법,포샤 텅 ,2014-05-16
"IT CookBook, 컴퓨터 활용 : 윈도우 7, 한글 2010, 엑셀 2010, 파워포인트 2010","김주영 , 정영준 ",496 쪽
회사에서 바로 통하는 엑셀&파워포인트 2007,"한은숙 , 고경희 ",508 쪽
스마트러닝 콘텐츠 만들기,"배영권 , 도재춘 , 김달진 , 신승기 ",260 쪽
"임베디드 안드로이드 : 안드로이드 포팅, 확장, 커스터마이징하기",카림 야크무르 ,2015-03-09
누워서 읽는 알고리즘: 프로그래밍 상상력을 키워주는 알고리즘 이야기,임백준 ,280 쪽
"Introduction To Algorithms, Third Edition","토머스 코멘 , 찰스 레이서손 , 로날드 리베스트 , 클리포드 스타인 ",2014-07-10
회사에서 바로 통하는 엑셀&파워포인트 2010,"이희정 , 전미진 ",528 쪽
"IT CookBook, 파워포인트 2007 실무와 활용",고경희 ,420 쪽
"IT CookBook, 엑셀과 파워포인트 2010 실무와 활용","전미진 , 고경희 ",648 쪽
The Art of Computer Programming 4A 컴퓨터 프로그래밍의 예술: 조합적 알고리즘 1부,도널드 커누스(Donald E. Knuth) ,2013-08-19
회사에서 바로 통하는 엑셀+파워포인트+워드 2010,"전미진 , 이화진 , 신면철 ",464 쪽
앱 인벤터 2 : 구글과 MIT 앱 인벤터 개발팀이 안내하는 안드로이드 프로그래밍,"David Wolber , Hal Abelson , Ellen Spertus , Liz Looney ",2015-07-20
"IT CookBook, Eclipse를 활용한 안드로이드 프로그래밍","우재남 , 이복기 ",568 쪽
"IT CookBook, 엑셀과 파워포인트 2007 실무와 활용","한은숙 , 고경희 ",640 쪽
뇌를 자극하는 윈도우즈 시스템 프로그래밍,윤성우 ,760 쪽
"Blog2Book, 프로젝트 관리자PM를 위한 프로젝트 관리 이야기",신진현 ,204 쪽
"IT CookBook, 데이터베이스 기초와 실습 : 액세스 2013",김지연 ,504 쪽
"Blog2Book, 아는 만큼 보이는 데이터베이스 설계와 구축",이춘식 ,280 쪽
회사에서 바로 통하는 엑셀 2007 개정판,전미진 ,516 쪽
엑셀 2007 바이블: 엑셀의 거의 모든 기능,최준선 ,864 쪽
"Blog2Book, 프로젝트 성패를 결정짓는 데이터 모델링 이야기",김상래 ,248 쪽
"IT CookBook, 쉽게 배우는 유전 알고리즘 : 진화적 접근법",문병로 ,284 쪽
"IT CookBook, 컴퓨터 실습 : 윈도우 XP, 한글 2007, 엑셀 2007, 파워포인트 2007","김주영 , 정영준 ",572 쪽
회사에서 바로 통하는 엑셀 2010,한은숙 ,548 쪽
회사에서 바로 통하는 엑셀 2016 FOR STARTERS,전미진 ,260 쪽
"IT CookBook, 쉽게 배우는 알고리즘 : 관계 중심의 사고법",문병로 ,460 쪽
엑셀 2010 바이블,최준선 ,1064 쪽
회사에서 바로 통하는 엑셀 2010 함수 이해&활용,최준선 ,536 쪽
회사에서 바로 통하는 엑셀 파워포인트 워드 2016 한글 NEO + 원노트,"전미진 , 이화진 , 신면철 ",760 쪽
회사에서 바로 통하는 엑셀&파워포인트 2013,"이희정 , 전미진 ",452 쪽
Head First SQL : 효율적인 DB 관리를 위한 SQL 학습법,린 베일리 ,2008-05-28
회사에서 바로 통하는 엑셀 파워포인트 워드 2016 + 원노트,"전미진 , 이화진 , 신면철 ",620 쪽
SQL 레벨업 : DB 성능 최적화를 위한 SQL 실전 가이드,미크 ,2016-01-22
임백준의 아카 시작하기 : Akka 개념 잡기,임백준 ,130 쪽
사전처럼 바로 찾아 쓰는 알고리즘,"조지 T. 하인만 , 게리 폴리케 , 스탠리 셀코 ",2010-03-08
SQL 첫걸음: 하루 30분 36강으로 배우는 완전 초보의 SQL 따라잡기,아사이 아츠시 ,2015-10-26
엑셀 2016 매크로&VBA 바이블,최준선 ,1364 쪽
엑셀 함수&수식 바이블: 회사에서 필요한 함수&수식은 모두 있다!,최준선 ,760 쪽
엑셀 2016 바이블,최준선 ,1092 쪽
Programming Challenges: 알고리즘 트레이닝 북,"스티븐 스키에나 , 미구엘 레비야 ",2004-07-14
회사에서 바로 통하는 엑셀 실무 강의,전미진 ,460 쪽
회사에서 바로 통하는 엑셀+파워포인트+워드 2013 & 한글 2014 & 윈도우 10,"전미진 , 이화진 , 신면철 , 박광수 ",728 쪽
회사에서 바로 통하는 액세스 2007,김재훈 ,600 쪽
Head First PHP & MySQL: 효과적이고 생동감 넘치는 웹 애플리케이션 만들기,"린 베일리 , 마이클 모리슨 공저 ",2010-05-07
IT EXPERT 윈도우 시스템 프로그램을 구현하는 기술,이호동 ,1220 쪽
회사에서 바로 통하는 파워포인트 2013,전상오 ,440 쪽
"IT CookBook, 액세스 2007 for Beginner",박명철 ,436 쪽
"IT CookBook, 초보자의 첫 번째 엑셀 2007",양숙희 ,140 쪽
회사에서 바로 통하는 액세스 2010,김재훈 ,648 쪽
"IT CookBook, 데이터베이스 기초와 실습 : 액세스 2010",김지연 ,536 쪽
회사에서 바로 통하는 엑셀 데이터 활용+분석,"김경자 , 송선영 ",432 쪽
TopCoder 탑코더 알고리즘 트레이닝,타카하시 나오히로 ,2013-10-28
엑셀 2010 함수 바이블,이동숙 ,648 쪽
데이터베이스 첫걸음,"미크 , 기무라 메이지 ",2016-10-10
"팟캐스트 나는 프로그래머다: 뉴욕, 서울, 도쿄 개발자의 촌철살인 IT 이야기","임백준 , 정도현 , 김호광 ",404 쪽
엑셀 2013 바이블 : 회사에서 필요한 기능은 모두 있다,최준선 ,1080 쪽
뇌를 자극하는 PHP 프로그래밍,조명진 ,688 쪽
리버스 엔지니어링 2권(디버거 편),이호동 ,1396 쪽
팟캐스트 나는 프로그래머다 2탄,"임백준 , 정도현 , 김호광 ",436 쪽
더 나은 프로그래밍을 위한 코드골프 : 즐기면서 배우는 자바스크립트 코드 퍼즐과 알고리즘,야나이 마사카즈 ,2015-01-28
"IT CookBook, 초보자의 첫 번째 엑셀 2010",양숙희 ,152 쪽
임백준의 대살개문,임백준 ,304 쪽
행복한 프로그래밍(개정판),임백준 ,300 쪽
"IT CookBook, 한글 2014 for Beginner",양숙희 ,152 쪽
안드로이드 시큐리티 인터널,니콜라이 옐렌코프 ,2015-06-27
안드로이드 멀티스레딩: 비동기 메커니즘으로 날렵하고 안정적인 앱 만들기,안데르스 예란손 ,2015-02-27
리버스 엔지니어링 1권(파일 구조 편),이호동 ,848 쪽
"IT CookBook, 초보자의 첫 번째 파워포인트 2007",고경희 ,172 쪽
엑셀 매크로&VBA 바이블: 회사에서 필요한 코드는 모두 있다!,최준선 ,1044 쪽
"IT CookBook, 엑셀 2013 for Beginner",양숙희 ,152 쪽
"IT CookBook, 초보자의 첫 번째 한글 2010",양숙희 ,152 쪽
이것이 MySQL이다,우재남 ,596 쪽
읽기 좋은 코드가 좋은 코드다: 더 나은 코드를 작성하는 간단하고 실전적인 테크닉,"더스틴 보즈웰 , 트레버 파우커 ",2012-04-26
"IT CookBook, PHP 프로그래밍 입문(개정판)",황재호 ,600 쪽
"IT CookBook, 엑셀 2013 : 기본 기능부터 실무 활용까지",하숙정 ,520 쪽
"IT CookBook, PHP 프로그래밍 for Beginner","박대혁 , 강의선 ",360 쪽
회사에서 바로 통하는 엑셀 2013 & 한글 2014,"전미진 , 신면철 ",496 쪽
성능을 100% 끌어내는 멀티코어 애플리케이션 프로그래밍,대릴 고브 ,2012-06-28
Windows 시스템 실행파일의 구조와 원리,이호동 ,576 쪽
회사에서 바로 통하는 한글 2014,신면철 ,380 쪽
회사에서 바로 통하는 파워포인트 2007(개정판),이희정 ,448 쪽
"Modern PHP: 네임스페이스, 트레이트, 클로저부터 모범 사례와 최신 도구까지",조시 록하트 ,2015-10-15
회사에서 바로 통하는 엑셀 2013,한은숙 ,544 쪽
"IT CookBook, 엑셀 2010 실무와 활용",전미진 ,428 쪽
회사에서 바로 통하는 엑셀+파워포인트 2013&한글 2014,"전미진 , 이화진 , 신면철 ",584 쪽
Effective Unit Testing : 클린 코드와 좋은 설계를 이끄는 단위 테스트,라쎄 코스켈라 ,2013-11-11
"Blog2Book, 프로그래머가 몰랐던 멀티코어 CPU 이야기",김민장 ,396 쪽
"IT CookBook, HTML & CSS for Beginner",황재호 ,472 쪽
좋은 코딩 나쁜 코딩 : 단순한 코드가 좋은 코드다 (2판),박진수 ,328 쪽
"IT EXPERT, 64비트 멀티코어 OS 원리와 구조 1권: OS 개발 60일 프로젝트",한승훈 ,1472 쪽
"IT CookBook, 엑셀 2007 실무와 활용",한은숙 ,416 쪽
읽기 좋은 자바스크립트 코딩 기법: 유지보수가 쉬운 코드로 팀의 생산성을 높이자,니콜라스 자카스 ,2013-01-26
"IT EXPERT, 64비트 멀티코어 OS 원리와 구조 2권: OS 개발 60일 프로젝트",한승훈 ,1508 쪽
코딩의 기술 : C와 C++ 게임 코드로 알아보는,오즈 모리하루 ,2016-03-28
"MySQL Troubleshooting : 쿼리 문제, 원인을 알면 해결은 쉽다",스베타 스머노바(Sveta Smirnova) ,2013-02-07
PHP 보안: 몇 줄의 코드로 안전하게,크리스 쉬플릿 ,2006-03-07
리팩토링: 코드 품질을 개선하는 객체지향 사고법,마틴 파울러 ,2012-11-01
회사에서 바로 통하는 엑셀+파워포인트+워드 2013 & 한글 2014,"전미진 , 이화진 , 신면철 ",688 쪽
"Blog2Book, 자바 개발자도 쉽고 즐겁게 배우는 테스팅 이야기",이상민 ,404 쪽
"IT CookBook, 초보자의 첫 번째 액세스 2007",최희식 ,132 쪽
훌륭한 프로그래머 되는 법 : 프로젝트와 팀을 성공으로 이끄는 선배 개발자의 노하우,피트 구들리프 ,2015-12-04
"IT CookBook, 초보자의 첫 번째 워드 2010",최희식 ,160 쪽
"IT CookBook, 컴퓨터 활용과 실습 : 컴퓨터 기초, 한글 2014, 엑셀 2013, 파워포인트 2013",김주영 ,464 쪽
"IT CookBook, 파워포인트 2013 for Beginner",최희식 ,176 쪽
"IT CookBook, 오라클로 배우는 데이터베이스 개론과 실습","박우창 , 남송휘 , 이현룡 ",584 쪽
"Head First PMP : 체계적인 프로젝트 관리를 위한 국제 공인 학습법 (개정3판, PMBOK® 지침서 5판 시험대비용)","제니퍼 그린 , 앤드류 스텔만 ",2014-09-12
백미진수 : 맛의 사계를 요리하다,단 가즈오 ,2016-03-11
우리는 왜 위험한 것에 끌리는가,리처드 스티븐스 ,2016-03-22
하루 한 식물,마키노 도미타로 ,2016-04-11
나쁜 뉴스의 나라,조윤호 ,344 쪽
"Blog2Book, 자바 개발자와 시스템 운영자를 위한 트러블 슈팅 이야기",이상민 ,416 쪽
폴리글랏 프로그래밍 : 새로운 자바 언어를 기다리는 히치하이커를 위한 안내서,임백준 ,256 쪽
테스트 주도 개발 : 고품질 쾌속개발을 위한 TDD 실천법과 도구,채수원 ,584 쪽
갈 곳이 없는 남자 시간이 없는 여자,미나시타 기류 ,2016-06-17
나는 프로그래머다,임백준외 6명 ,376 쪽
자바스크립트 성능 최적화: High Performance JavaScript,니콜라스 자카스 ,2011-09-15
"IT CookBook, 엑셀과 파워포인트 2013 개정판",강동진 외 4 ,556 쪽
"IT CookBook, 초보자의 첫 번째 워드 2007",최희식 ,132 쪽
저는 세일즈가 처음인데요,박성준 ,316 쪽
"IT CookBook, 파워포인트 2013 : 기본 기능부터 프레젠테이션 스킬까지 한번에!","채종서 , 차유빈 ",496 쪽
"IT CookBook, 인터넷 윤리","최희식 , 김상균 ",400 쪽
"IT CookBook, 워드 2013 for Beginner",최희식 ,160 쪽
프로그래머의 리더십,정영훈 ,232 쪽
프로그래머로 사는 법: 프로그래머의 길을 걸어가는 당신을 위한 안내서,샘 라이트스톤 ,2012-10-17
브루스 테이트의 세븐 랭귀지 : 프로그래머라면 알아야 할 미래를 품은 7가지 언어,브루스 테이트 ,2015-04-27
PMP 바이블 : PMP 자격증 취득의 길로 안내하는 가장 확실한 지침서 (전2권 세트),"강정배 , 서정훈 , 이지현 , 박주진 ",972 쪽
회사에서 바로 통하는 엑셀+파워포인트+워드 2013(개정판),"전미진 , 이화진 , 신면철 ",564 쪽
쓸데없는 걱정 따위,시마자키 칸 ,2016-08-30
월급 역전,신우익 ,304 쪽
"인사이드 자바스크립트 : 핵심 개념과 원리를 정확하게. jQuery, Node.js, 클로저의 개념까지","송형주 , 고현준 ",284 쪽
더글라스 크락포드의 자바스크립트 핵심 가이드,더글라스 크락포드(Douglas Crockford) ,2008-09-26
"자바 8 인 액션 : 람다, 스트림, 함수형 프로그래밍으로 새로워진 자바 마스터하기","라울-게이브리얼 우르마 , 마리오 푸스코 , 앨런 마이크로프트 ",2015-03-19
위닝 프레젠테이션 : 프레젠테이션 전문 코치가 1:1로 가르쳐주는 30가지 비밀,채종서 ,300 쪽
어떻게 경영을 공부할 것인가,신승훈 ,328 쪽
내 가게로 퇴근합니다,이정훈 ,232 쪽
어느 날 400억 원의 빚을 진 남자,유자와 쓰요시 ,2016-10-15
보고 시픈 당신에게,강광자 외 86명 ,240 쪽
어느 물리학자의 일상,데라다 도라히코 ,2016-11-20
남자는 무엇으로 싸우는가,신기주 ,268 쪽
공학과 경영,김상균 ,404 쪽
미라클모닝 다이어리,할 엘로드 ,2016-11-16
그래서 나는 억만장자와 결혼했다,오드레 베르농 ,2016-12-15
저는 기업분석이 처음인데요 (완전 개정판),강병욱 ,424 쪽
"필사, 쓰는 대로 인생이 된다",김시현 ,260 쪽
프로그래밍은 상상이다,임백준 ,380 쪽
slide:ology - 위대한 프레젠테이션을 만드는 예술과 과학,낸시 두아르떼(Nancy Duarte) ,2010-03-08
당신의 프레젠테이션이 항상 그 모양인 이유,전철웅 ,192 쪽
Head First JavaScript Programming : 게임과 퍼즐로 배우는 자바스크립트 입문서,"에릭 프리먼 , 엘리자베스 롭슨 ",2015-01-27
내 아버지들의 자서전,오도엽 ,320 쪽
Head First Java: 뇌 회로를 자극하는 자바 학습법(개정판),"케이시 시에라 , 버트 베이츠 ",2005-11-16
이것이 자바다,신용권 ,1224 쪽
창의적 공학설계(개정판),김은경 ,404 쪽
자바스크립트를 말하다 : 가장 간결하면서도 완벽한 자바스크립트 입문서,악셀 라우슈마이어 ,2014-09-12
함수형 자바스크립트 : 새롭고 올바른 자바스크립트 프로그래밍 기법,마이클 포거스 ,2014-01-28
인포그래픽 프레젠테이션 : 보는 순간 착 달라붙는 인포그래픽 제작 비법 68,곽승원 ,312 쪽
북유럽 비즈니스 산책,하수정 ,292 쪽
고양이 부처는 고민이 없다냥,미야시타 마코토 ,2017-03-17
자바 퍼즐러 : 세상에서 가장 재미있는 자바 책,"조슈아 블로크 , 닐 개프터 ",2014-12-27
누워서 읽는 퍼즐북 : 뉴욕의 프로그래머 임백준의 퍼즐이야기,임백준 ,308 쪽
거절당하기 연습,지아 장 ,2017-01-24
Head First Design Patterns: 스토리가 있는 패턴 학습법,"에릭 프리먼 , 엘리자베스 프리먼 , 케이시 시에라 , 버트 베이츠 ",2005-08-22
뇌를 자극하는 Java 프로그래밍,김윤명 ,908 쪽
컨설턴트가 알려주는 보고서 작성의 기술 with 파워포인트,홍장표 ,336 쪽
인사담당자 100명의 비밀녹취록,"김도윤 , 제갈현열 ",288 쪽
설계 프로세스로 배우는 창의적 공학설계,노승환 ,336 쪽
Head First Servlets & JSP(개정판) : 상상력을 자극하는 몰입의 학습법,"케이시 시에라 , 버트 베이츠 , 브라얀 바샴 ",2009-02-02
Head First HTML with CSS & XHTML : 웹2.0 시대의 웹 표준 학습법,"에릭 프리먼 , 엘리자베스 프리먼 ",2006-05-28
실전으로 배우는 발명·특허,윤상원 ,300 쪽
프레임 대 프레임,조윤호 ,312 쪽
Head First HTML5 Programming: 웹 표준으로 만드는 생동감 있는 웹 애플리케이션,"에릭 프리먼 , 엘리자베스 롭슨 ",2012-07-28
저는 경제공부가 처음인데요!,곽해선 ,360 쪽
Head First HTML and CSS(개정판) : HTML5를 적용한 웹 제작 지침서,"엘리자베스 롭슨 , 에릭 프리먼 ",2013-04-11
메소드 스타일,에릭 라이언 + 애덤 라우리 ,2013-08-21
누구나 할 수 있는 인포그래픽 with 파워포인트,곽승원(꽉군) ,312 쪽
파워포인트 블루스,김용석 ,256 쪽
가장 좋은 사랑은 아직 오지 않았다,한귀은 ,412 쪽
인생의 한 수를 두다,장석주 ,296 쪽
창의융합 프로젝트 아이디어북 : Creative Convergence Capstone Design with PBL,조준동 ,256 쪽
"IT CookBook, VHDL을 이용한 FPGA 디지털 설계 : 실습부터 응용까지",노승환 ,464 쪽
뇌를 자극하는 JSP & Servlet,김윤명 ,836 쪽
"모던 웹 디자인을 위한 HTML5+CSS3 입문, 개정판",윤인성 ,624 쪽
"자바 프로그래밍 면접, 이렇게 준비한다",노엘 마크엄 ,2015-01-23
"IT CookBook, 디지털 시스템 설계 및 실습 with VHDL & Verilog HDL",노승환 ,440 쪽
웹 표준 가이드: HTML5 + CSS3,존 앨섭(John Allsopp) ,2010-11-25
프로젝트로 배우는 HTML5+자바스크립트,지닌 마이어 ,2012-06-22
한 번에 배우는 HTML5+자바스크립트,지닌 마이어 ,2011-05-22
"프로그래밍 면접, 이렇게 준비한다(3판)","존 몽건 , 에릭 기게리 , 노아 수요야넨 킨들러 ",2014-02-28
사전처럼 바로 찾아 쓰는 HTML5 핵심 API,하타노 후토미 ,2011-12-01
지금 당장 경제지표 공부하라,"윤채현 , 허정호 ",328 쪽
유쾌한 혁명을 작당하는 공동체 가이드북,세실 앤드류스 ,2013-10-17
"모던 웹을 요리하는 초간편 HTML5 Cookbook : 자바스크립트 API, 로컬 저장소, 접근성, 지오로케이션","크리스토퍼 슈미트 , 카일 심슨 ",2012-08-17
"IT CookBook, 알기 쉬운 최신 VLSI 설계: CMOS부터 SoC까지",조준동 ,396 쪽
맥 사용자를 위한 엑셀+파워포인트+워드 2016 : Office for Mac,장경호 ,438 쪽
Elemental Design Patterns : 객체지향과 디자인 패턴의 연결 고리,제이슨 맥컴 스미스 ,2013-05-02
"IT CookBook, 처음 만나는 디지털 논리회로","임석구 , 홍경호 ",448 쪽
"IT CookBook, VHDL을 이용한 디지털 회로 입문","나미키 히데아키 , 나가이 다카미치 ",2009-05-30
"IT CookBook, 자바스크립트 프로그래밍 입문",윤인성 ,424 쪽
모던 웹을 위한 Node.js 프로그래밍 3판,윤인성 ,544 쪽
오빠를 위한 최소한의 맞춤법,이주윤 ,208 쪽
"IT CookBook, 디지털 공학 : 논리회로의 설계 원리","김대정 , 모현선 ",596 쪽
"IT CookBook, HTML5 웹 프로그래밍 입문(개정판)",윤인성 ,480 쪽
"이케아, 북유럽 스타일 경영을 말하다",앤더스 달빅 ,2013-10-22
엄마와 집짓기,한귀은 ,340 쪽
맥 쓰는 사람들과 함께하는 Mac OS X 바이블,고래돌이(김상우) ,600 쪽
"이나모리 가즈오 1,155일간의 투쟁",오니시 야스유키│ ,2013-11-02
도와주세요! 맥북이 생겼어요 : Mac OS X Yosemite 요세미티,김경범 ,228 쪽
자바 객체지향 디자인 패턴: UML과 GoF 디자인 패턴 핵심 10가지로 배우는,"정인상 , 채흥석 ",504 쪽
"IT CookBook, 기초전자실험(개정판) : with PSpice",홍순관 ,296 쪽
런던 비즈니스 산책,박지영 ,320 쪽
"한 권으로 끝내는 Node & Express(Node 4, Express 4 테스트 완료)",이선 브라운 ,2015-10-24
모던 웹을 위한 JavaScript + jQuery 입문(3판),윤인성 ,960 쪽
"IT CookBook, 디지털 실험 : with PSpice",홍순관 ,292 쪽
"IT CookBook, 단계별로 따라하며 배우는 디지털 공학 실험","이승호 , 민경옥 ",372 쪽
RT:FM 두 번째 이야기: 프로그래머로 사는 법,"윤인성 , 김현수 , 유영창 , 이고잉 , 명승은 , 이철혁 ",77 쪽
"IT CookBook, 기초 전기전자 에센스","모현선 , 장성용 , 홍익표 ",528 쪽
"IT CookBook, 디지털 논리회로 실험 : 120개의 기본 실험과 12개의 텀 프로젝트","임석구 , 홍경호 ",440 쪽
키노트 6.x 프레젠테이션 : 키노트 사용자를 위한 기본+활용법,윤춘근 ,456 쪽
"IT CookBook, CMOS 디지털 집적회로 설계 : 기본 이론부터 실습까지",신경욱 ,464 쪽
만들면서 배우는 HTML5+CSS3+jQuery,야무(지훈) ,416 쪽
"IT CookBook, 아날로그 CMOS 집적회로 설계 : Design of Analog CMOS Integrated Circuits",버자드 라자비(Behzad Razavi) ,2009-05-15
"IT CookBook, 디지털 집적회로 해석 및 설계","데이비드 하지즈 , 호레스 잭슨 , 레스베 살레 ",2010-08-20
"IT CookBook, 디지털 논리회로(개정3판) : 이론, 실습, 시뮬레이션","임석구 , 홍경호 ",786 쪽
"모던 웹을 위한 Node.js 프로그래밍(개정판) : 페이스북, 월마트, 링크드인이 선택한 자바스크립트 + 노드제이에스 서버 프로그래밍",윤인성 ,484 쪽
러닝 자바스크립트,이선 브라운 ,2017-07-01
"모던 웹을 위한 JavaScript + jQuery 입문(개정판) : 자바스크립트에서 제이쿼리, 제이쿼리 모바일까지 한 권으로 끝낸다",윤인성 ,980 쪽
"IT CookBook, 기초 회로이론(개정판) : 선형회로해석의 기본 원리",최윤식 ,480 쪽
"IT CookBook, C 언어로 배우는 8051 마이크로프로세서",임석구 ,596 쪽
"IT CookBook, 원리로 이해하는 마이크로파 공학",홍익표 ,432 쪽
맥 쓰는 사람들과 함께하는 macOS 시에라,고래돌이 ,578 쪽
"IT CookBook, 전자회로 : 핵심 개념부터 응용까지","강문식 , 신경욱 ",860 쪽
만들면서 배우는 모던 웹사이트 디자인,야무(지훈) ,392 쪽
미디어 2.0 : 미디어 플랫폼의 진화,명승은 ,332 쪽
키노트 프레젠테이션(키노트 사용자를 위한 기본+활용법),윤춘근 ,376 쪽
"IT CookBook, 핵심이 보이는 전자회로",신경욱 ,608 쪽
"IT CookBook, 회로이론 : Circuits","Fawwaz T. Ulaby , Michel M. Maharbiz ",2014-07-22
HTML5 Canvas : 웹의 한계를 캔버스로 뛰어 넘는다,"스티브 펄튼 , 제프 펄튼 ",2012-01-09
"IT CookBook, 처음 만나는 회로이론",방성완 ,384 쪽
"자바스크립트 웹 애플리케이션 : 제이쿼리, Node.js, 웹소켓, 스파인, 백본, 자바스크립트MVC",알렉스 맥카우 ,2012-06-18
만들면서 배우는 모던 웹사이트 제작,야무(지훈) ,460 쪽
"IT CookBook, 디지털 논리회로(개정판) : 이론, 실습, 시뮬레이션","임석구 , 홍경호 ",724 쪽
easy LED : 초보자를 위한 LED 가이드북,홍순관 ,204 쪽
"IT CookBook, 단계별로 배우는 전자회로 실험 : 기본 소자부터 응용 회로까지",이강윤 ,456 쪽
"IT CookBook, New 데이터통신과 네트워킹 : 차세대 통신을 위한 밑그림",강문식 ,520 쪽
지금 당장 소셜마케팅 시작하라,조재형 ,312 쪽
"IT CookBook, RF 및 초고주파 공학",카이 창(Kai Chang) ,2014-03-12
저는 부동산경매가 처음인데요! : 레알 생초보의 부동산경매 입문기,신정헌 ,344 쪽
만약 헤밍웨이가 자바스크립트로 코딩한다면,앵거스 크롤 ,2016-11-04
저는 재테크가 처음인데요,김태형 ,380 쪽
"IT CookBook, 기초전자실험 : with PSpice",홍순관 ,240 쪽
Head First JavaScript : 대화형 웹 애플리케이션의 시작,마이클 모리슨 ,2008-07-01
처음부터 다시 시작할 수 있다면,임재성 ,264 쪽
제대로 배우는 MATLAB,방성완 ,424 쪽
풀스택 개발자를 위한 MEAN 스택 입문,"애덤 브레츠 , 콜린 J. 이릭 ",2015-08-27
모던 웹을 위한 HTML5 웹소켓 프로그래밍,"바네사 왕 , 프랭크 살림 , 피터 모스코비츠 ",2013-07-24
"탱고 경영 : 마켓 3.0 시대, 기업 서열을 뒤집는 비즈니스 플랫폼 전략",형원준 ,320 쪽
플랫폼이란 무엇인가?,윤상진 ,344 쪽
"IT CookBook, MATLAB으로 배우는 공학 수치해석",방성완 ,352 쪽
"IT CookBook, 쉽게 배우는 데이터 통신과 컴퓨터 네트워크",박기현 ,516 쪽
라디오헤드로 철학하기,브랜든 포브스 외 ,2012-07-23
지금 당장 세계경제 공부하라,박유연 ,336 쪽
시장경제의 재발견,"KDI , MERI ",444 쪽
"IT CookBook, 마이크로컨트롤러 AVR ATmega128 : 상태도를 이용한 시스템 설계",이상설 ,604 쪽
"서른넷, 물음표 위에 서다",권은아 ,248 쪽
지금 당장 마케팅 공부하라,구자룡 ,448 쪽
"MongoDB 몽고디비 완벽 가이드 : 페이스북, 트위터가 선택한 NoSQL의 진수를 만나다! (개정2판)",크리스티나 초도로우 ,2014-04-24
"하이브리드 앱을 구현하는 기술 : HTML5, 자바스크립트, 코도바(폰갭)로 만드는 안드로이드와 iOS 앱 개발","구보타 미츠노리 , 아시알 주식회사 ",2015-02-17
"IT CookBook, 광통신 공학 : MATLAB과 함께하는 광통신 시스템",이종형 ,480 쪽
저는 차트분석이 처음인데요!,강병욱 ,340 쪽
100만 방문자와 소통하는 파워블로그 만들기,"윤상진 , 함성한 , 승채린 , 조상래 , 김동범 ",396 쪽
보수는 어떻게 국민을 속이는가,조슈아 홀랜드 ,2012-10-08
"IT CookBook, 네트워크 개론(개정판) : 쉽게 배우는 네트워크의 기본 원리",진혜진 ,400 쪽
"IT CookBook, 디지털 신호 처리 : 기본 이론부터 MATLAB 실습까지",이철희 ,640 쪽
"IT CookBook, 쉽게 배우는 데이터 통신과 컴퓨터 네트워크 (개정판)",박기현 ,584 쪽
"IT CookBook, 핵심이 보이는 신호 및 시스템 : 기본 이론부터 MATLAB 실습까지",이철희 ,628 쪽
"IT CookBook, New 인터넷 이해와 활용",김경신 ,464 쪽
"IT CookBook, New 정보통신개론 : 기본 이론부터 사물인터넷 개념까지",고응남 ,560 쪽
마흔의 서재 : 마흔에 멈추어 읽는 책이 남은 인생의 길이 된다,장석주 ,340 쪽
HBase 완벽 가이드: 하둡 환경에서 실시간 빅데이터 랜덤 엑세스를 제공하는 클라우드 NoSQL,라스 조지 ,2013-01-26
만들면서 배우는 HTML5 게임 프로그래밍: PC와 스마트폰을 한 번에 잡는 멀티 플랫폼 게임 프로그래밍,황동윤 ,716 쪽
MATLAB으로 배우는 선형대수학 : Linear Algebra with MATLAB,"이광연 , 설한국 ",540 쪽
맵리듀스 디자인 패턴 : 하둡과 빅데이터에 효과적인 6가지 방법론과 26가지 실용 패턴,"도널드 마이너 , 아담 슈크 ",2013-07-24
케스케이딩 완벽 가이드 : 빅데이터 분석을 위한 하둡 워크플로우 관리 도구,파코 네이선 ,2014-01-17
실전 하둡 운용 가이드 : 대규모 하둡 클러스터 관리를 위한 필수 노하우,에릭 새머 ,2013-07-24
하둡 완벽 가이드 : 클라우드 컴퓨팅 구축을 위한 실전 안내서(개정3판),톰 화이트 ,2013-06-22
"IT CookBook, 영상을 이용한 디지털 신호처리 : 실제적인 사례와 응용","엄민영 , 김성제 ",288 쪽
머하웃 완벽 가이드(Mahout in Action): 하둡에 딱 맞는 빅데이터를 활용한 기계학습,"션 오웬 , 로빈 애닐 , 테드더닝 , 엘렌 프리드만 ",2012-10-23
"IT CookBook, 원리로 이해하는 통신이론 : Analog & Digital Communications",한동석 ,352 쪽
MATLAB으로 배우는 공학수학 : Engineering Mathematics,소상균 ,736 쪽
"IT CookBook, 인터넷 이해와 활용 : 인터넷 기초부터 홈페이지 제작까지(개정2판)","안치현 , 김형철 ",460 쪽
"IT CookBook, 초보자의 첫 번째 컴퓨터와 인터넷 활용",최희식 ,132 쪽
실시간 분석의 모든 것: 스트리밍 데이터 분석 및 시각화 시스템 구축 가이드,바이런 엘리스 ,2015-12-11
기초 선형대수학 : BASIC LINEAR ALGEBRA,"이광연 , 설한국 , 김진수 ",456 쪽
"IT CookBook, 기초 신호 및 시스템",이철희 ,492 쪽
"IT CookBook, 통신시스템의 기초 : Fundamentals of Communications Systems",마이클 피츠 ,2009-03-09
"IT CookBook, 웹 기획 기초와 설계(개정판) : 웹 사이트, 인터페이스, 디자인",강은정 ,432 쪽
MongoDB 활용 가이드: 스케일링과 50가지 팁,크리스티나 초도로우 ,2011-12-09
"IT CookBook, 전기전자공학 개론(개정 5판)",Stan Gibilisco ,2013-02-11
대통령을 위한 경제학,최용식 ,304 쪽
"그래도, 달러다","윤채현 , 이남수 ",288 쪽
지금 당장 회계공부 시작하라,"강대준 , 신홍철 ",360 쪽
클라이언트-서버 웹 앱 만들기: 자바와 자바스크립트로 배우는 모던 웹 앱 개발,캐지미어 새터노스 ,2014-10-17
최신 공학수학 with Sage Ⅰ,"이상구 , 김영록 , 박준현 , 김응기 , 이재화 ",500 쪽
하이브 완벽 가이드: 하둡을 이용한 SQL 기반 빅데이터 분석 도구,"에드워드 카프리올로 , 딘 웜플러 , 제이슨 러더글렌 ",2013-03-28
만들면서 배우는 기계 학습: 생각을 만드는 빅데이터 기술,오다카 토모히로 ,2012-06-18
엔지니어를 위한 데이터 시각화 :  D3.js로 배우는 데이터 시각화 이론과 12가지 사례,"모리후지 다이치 , 안티베이지안 ",2015-04-27
하둡 완벽 가이드(4판),톰 화이트 ,2017-03-01
최신 공학수학 with Sage Ⅱ,"이상구 , 김영록 , 박준현 , 김응기 , 이재화 ",444 쪽
데이터 시각화를 위한 데이터 인사이트 : 빅데이터를 바라보는 통찰의 눈,헌터 휘트니 ,2014-04-18
정유진의 웹 2.0 기획론: 강력한 웹 2.0 서비스를 만드는 13개의 키워드,정유진 ,392 쪽
"IT CookBook, 공업수학 : 기본 개념부터 응용까지",이준탁 ,560 쪽
수식이 보이는 공학수학 : Engineering Mathematics,장윤석 ,492 쪽
MongoDB 완벽 가이드 : NoSQL의 진수를 만나다!,"크리스티나 초도로우 , 마이클 디롤프 ",2011-05-19
"IT CookBook, 디지털 영상처리 입문 : 오감을 자극하는 3차원 입체 학습","신종홍 , 장선봉 , 지인호 ",600 쪽
"IT CookBook, 디지털 통신 시스템 : Digital Communication Systems","정호영 , 임승각 ",576 쪽
미친 세상에서 용감하게 살아가기,로버트 비스워스-디너 ,2013-01-08
경제학자의 영화관,박병률 ,368 쪽
Designing Web Navigation : 사용자 경험 최적화를 위한 웹 내비게이션 설계 원칙,제임스 콜백 ,2008-03-01
경제습관을 상속하라 : 살면서 반드시 알아야 할 8가지 돈의 원칙,조진환 ,248 쪽
이스라엘 비즈니스 산책 : 세계가 주목한 스타트업의 요람,박대진 ,296 쪽
지금 당장 환율공부 시작하라 2,윤채현 ,320 쪽
Head First Data Analysis : 당신을 최고의 데이터 분석가로 이끌어줄 마법 같은 학습서,마이클 밀튼 ,2013-04-11
"지적 대화를 위한 넓고 얕은 지식: 역사, 경제, 정치, 사회, 윤리 편",채사장 ,376 쪽
클라우드 시스템을 관리하는 기술,"토머스 리몬첼리 , 스트래터 체일럽 , 크리스티나 호건 ",2016-02-25
비즈니스를 위한 데이터 과학 : 빅데이터를 바라보는 데이터 마이닝과 분석적 사고,"포스터 프로보스트 , 톰 포셋 ",2014-06-24
"IT CookBook, 컴퓨터 비전",오일석 ,600 쪽
전공이 보이는 미분적분학: FOR ELECTRICAL & ELECTRONIC ENGINEERS,장윤석 ,312 쪽
R로 배우는 데이터 분석 기본기 데이터 시각화 : 예제와 함수 중심으로 배우는 빅데이터 분석,후나오 노부오 ,2014-01-02
"IT CookBook, 확률과 랜덤 과정 : Probability, Random Variable and Random Process",정호영 ,340 쪽
비즈니스 활용 사례로 배우는 데이터 분석:R,"사카마키 류지 , 사토 요헤이 ",2015-10-28
웹 엔지니어가 알아야 할 인프라의 기본,바바 토시아키 ,2015-06-28
"이것이 레디스다 : 초고속 읽기 쓰기를 제공하는 인메모리 기반 NoSQL, Redis",정경석 ,480 쪽
파이썬 라이브러리를 활용한 데이터 분석(수정보완판),웨스 맥키니(Wes Mckinney) ,2013-10-26
"IT CookBook, 컴퓨터 구조와 원리 2.0 : 비주얼 컴퓨터 아키텍처",신종홍 ,640 쪽
